First names,Last name,Address,Hobby,Date of Birth,Country of Birth,Favourite Food
Peter,Hauck,"Apt. 207 49121 Leo Roads, Shanahanport, SD 39396-3486",Candle making,15-04-1960,Wales,Katsu Curry
Matthew Mohr Lind,Zulauf,"75629 Nader Valley, South Sherika, ME 56609",Slacklining,02-07-1985,Scotland,Arepas
Carry Reichert Beer,Kertzmann,"9632 Chas Underpass, Sammieborough, IN 03273",Book restoration,05-07-1977,Italy,Poutine
Efren,Schmeler,"89514 Natasha Springs, South Georgann, ME 61948",Calligraphy,01-04-1981,Scotland,Kebab
Joselyn,Lebsack,"Suite 588 261 Donny Crossroad, Okunevahaven, CT 89474-2722",Do it yourself,17-05-1977,Wales,Poutine
Carleen,Shanahan,"Apt. 403 85630 Eladia Greens, New Issacborough, CA 71142",Rappelling,31-12-1988,Botswana,French Fries with Sausages
Sasha Botsford O'Keefe III,Dare,"325 Loyd Meadows, Bernierbury, TX 55826-9672",Shopping,26-03-1969,Wales,Souvlaki
Zina Hagenes Brakus,Wolf,"Apt. 452 6775 Alphonso Creek, Erdmanport, ME 92590",Taekwondo,01-07-1976,Scotland,Pappardelle alla Bolognese
Jeff,Powlowski,"Apt. 914 6769 Izetta Oval, Dianeton, VA 19177",Roller skating,28-06-1989,Sri Lanka,TiramisÃ¹
Joanna,Wiegand,"Suite 795 5868 Alaine Ford, North Rubenmouth, VT 22649",Amateur radio,02-06-1993,Northern Ireland,Chicken Parm
Janene,Lindgren,"Suite 482 3826 Farrell Lodge, Schulistville, IN 31464-6771",Flag Football,27-02-2001,Eritrea,Caesar Salad
Pearly Kovacek Bogisich IV,Harris,"Apt. 227 65496 Ullrich Plains, East Johnathan, VA 00101",Horseback riding,21-07-1977,Northern Ireland,Vegetable Soup
Florencio,DuBuque,"63269 Adelaida Cove, New Leonoratown, WI 98667",Bird watching,14-04-1977,Northern Ireland,Teriyaki Chicken Donburi
Donya,Bartell,"Suite 662 983 Kiehn Keys, Annamariafort, CA 26675",Urban exploration,06-12-1989,England,Pho
Denny,Conroy,"540 Kihn Route, North Beauchester, AK 18759-9632",Gaming,03-06-1966,Bouvet Island (Bouvetoya),Katsu Curry
Irwin,Heaney,"46074 Renner Camp, Huelsview, WY 46612-5718",Basketball,31-12-1980,Wales,Ebiten maki
Jarred Jast O'Hara,Leffler,"Suite 144 5717 Kris Ridge, North Reed, CT 02168-1591",Roller skating,14-08-1965,England,Massaman Curry
Kristy Langosh Kling,O'Connell,"Suite 468 64593 Mack Street, New Theronport, UT 84177",Skimboarding,29-09-1963,England,Chicken Fajitas
Johnsie Wilderman Howe,Kshlerin,"Apt. 524 51269 Johnson Plaza, Ernserhaven, AR 96295",Baseball,03-12-1988,Scotland,Massaman Curry
Cherilyn,Bahringer,"Suite 530 33938 Hegmann Terrace, New Twylaville, NM 40699",Board games,28-02-1959,Scotland,Fish and Chips
Deadra,Reilly,"5657 Victor Drive, Royalton, WY 87833-3955",Bird watching,08-04-1969,Iran,Linguine with Clams
Colin,Pfannerstill,"Suite 987 51255 Dewey Radial, West Rueben, WI 71261",3D printing,17-01-1992,Wales,Bunny Chow
Estelle,Kshlerin,"1945 Julee Ramp, Wiegandmouth, IL 40641-3829",Skimboarding,30-08-1977,Wales,Katsu Curry
Rasheeda Nienow Emmerich Ret.,Treutel,"Apt. 457 3188 Moshe Rue, Quitzonland, SC 78190-0874",Scouting,03-07-1962,Scotland,Pappardelle alla Bolognese
Calvin,Gutmann,"7428 Lillie Squares, Santosfort, ID 16843-1848",Woodworking,19-04-1965,England,Pho
Amina Roob Vandervort III,Cremin,"756 Borer Mountains, Carolehaven, AK 88516",Foraging,07-07-1984,Wales,Souvlaki
Rashad Ferry Collier,Christiansen,"883 Abbott Via, New Isaiah, SC 45557-4396",Puzzles,30-11-1959,Wales,Hummus
Lavern Bahringer Schuppe DVM,Turner,"Apt. 831 4019 Everett Ranch, Hudsonmouth, ID 53684",Cooking,08-08-1976,Scotland,Katsu Curry
Francina Feest Hane,Beatty,"813 Kory Mountain, Tabathaborough, OH 70534-6468",Rugby,30-08-1981,England,Pasta with Tomato and Basil
Cesar,Collier,"Suite 197 14771 Spinka Square, New Claribel, SD 46606-9055",Lego building,16-01-2000,Northern Ireland,Chicken Fajitas
Johnny,Rice,"5363 Ernie Groves, Lemkeview, AL 40966",Juggling,28-04-2004,Northern Ireland,Ricotta Stuffed Ravioli
Vernon,Pfannerstill,"769 Nova Divide, East Misty, KS 37158-6879",Computer programming,24-07-1999,Northern Ireland,Hummus
Reyes,Cartwright,"Suite 815 1888 Jimmy Way, Port Tashiafurt, WI 60334-7885",Air sports,31-01-1966,Scotland,Poke
Marinda Glover Ward,Jacobs,"112 Coy Lakes, South Larueview, TX 76174",Blacksmithing,17-06-1997,Scotland,Teriyaki Chicken Donburi
Wilmer,Deckow,"7266 Doyle Tunnel, North Mireille, UT 60539-5819",Baseball,04-10-1986,Scotland,Fettuccine Alfredo
Harlan Graham Kilback,Carter,"Suite 560 469 Rath Ridge, Hershelbury, AK 45232-9270",Air sports,22-05-1970,British Indian Ocean Territory (Chagos Archipelago),Bruschette with Tomato
Genevie,Oberbrunner,"4014 Pfeffer Mills, Olliefort, LA 04233",Scuba diving,01-05-1989,Vanuatu,Cauliflower Penne
Andres Rutherford Hahn LLD,Bashirian,"80695 Lowe Camp, Sengermouth, MO 03324-3747",Sewing,29-02-1992,Northern Ireland,Souvlaki
Theresia,Feeney,"2713 Senger Keys, Shanahanfurt, GA 63543",Origami,02-07-1993,Scotland,Fish and Chips
Amalia Fisher Swaniawski DDS,Beahan,"35243 Grimes Station, Lake Georgene, NY 16807-1925",Dance,02-05-1965,England,Salmon Nigiri
Ignacio,Muller,"Apt. 613 11078 Reichert Summit, Terryview, WA 73394",Jewelry making,14-06-1976,Venezuela,Caprese Salad
Le Yundt Walsh,Jacobi,"Apt. 501 180 Galen Field, Salvatoreberg, RI 51305-4297",Horseback riding,30-09-1996,Wales,French Toast
Stefan,Schneider,"Apt. 962 432 Andre Hollow, Jerdetown, MI 09189",Jigsaw puzzles,03-02-1963,Cuba,Poke
Elias,Walsh,"Apt. 974 22240 Klocko Heights, Port Racquelbury, TX 28465-9151",Hooping,22-01-1968,Northern Ireland,French Toast
Franklyn,Roob,"8837 Walton Circle, Kuphalmouth, ND 02012-1928",Metalworking,29-12-1964,Northern Ireland,Katsu Curry
Mickie,Conroy,"Suite 934 21386 Langworth Ports, Stiedemannburgh, DE 78081-5495",Gaming,26-05-1973,Niue,Ebiten maki
Emilio Brekke Adams,Murazik,"Apt. 464 4272 Lucien Divide, Keturahburgh, MT 71306-2013",Skateboarding,12-08-1996,Fiji,Linguine with Clams
Ariel,Considine,"20701 Rodrick Wells, Hermannberg, AK 98931-4295",Electronics,14-08-1959,Brunei Darussalam,Risotto with Seafood
Miles,Parisian,"458 Gerry Underpass, New Sherman, ME 68606-3238",Ghost hunting,01-06-1980,Democratic People's Republic of Korea,Scotch Eggs
Chia,Mertz,"Apt. 105 5960 Shelby Branch, West Reynaldoville, VT 88739",Inline skating,18-04-1984,England,Vegetable Soup
Jake,Skiles,"674 Georgette Mountains, Karlyborough, NY 10434",Hiking,18-09-1995,Suriname,Kebab
Gertrudis,Ledner,"250 Morar Key, Lake Edmund, OK 00600",Water sports,18-04-1977,Northern Ireland,Vegetable Soup
Cheryl Grady Hauck,Hartmann,"494 Koepp Meadows, Kristanberg, AZ 05841-0858",Surfing,21-04-1997,Botswana,Kebab
Laurine Herman Goodwin,Stracke,"Apt. 623 432 Eusebio Road, North Alisestad, WA 99649",Model building,29-12-1967,England,Ricotta Stuffed Ravioli
Joni,Ryan,"74623 Schulist Way, Seymourfort, MD 28061",Computer programming,21-09-1966,Kyrgyz Republic,Som Tam
Christopher Koss Gulgowski,Morar,"19221 Torphy Point, Hermistonstad, OK 96797-4103",Origami,21-10-1996,Wales,Pasta with Tomato and Basil
Ulysses Lang Abshire,Lubowitz,"6942 Cassin Mall, Claytonville, NM 01447",Rowing,13-11-1968,Grenada,Barbecue Ribs
Hye,Kemmer,"4850 Batz Mall, Port Marcelino, PA 31443",Lacemaking,26-05-1998,Comoros,Pasta Carbonara
Josephina,Predovic,"85909 Fadel Walk, Malissaton, MO 97478",Hunting,04-01-1965,Northern Ireland,Fish and Chips
Pauletta,McKenzie,"Apt. 892 97574 Bernie Brooks, Port Irwinview, OR 06527-0527",Do it yourself,07-09-1989,England,Chicken Wings
Rep. Jenice Kozey Gerhold,Bosco,"8803 Schaefer Landing, Port Opalborough, KY 52733",Cabaret,25-02-1988,Scotland,Pasta and Beans
Lemuel,Aufderhar,"7743 Funk Estates, West Bennytown, WI 37893-3263",Wood carving,26-06-1959,England,Massaman Curry
Johnathan,Jast,"Suite 531 9333 Nelson Pike, Grahamhaven, AK 06885-0003",Metalworking,25-09-1978,Wales,California Maki
Meri,Leuschke,"7341 Lawrence Park, Kenyattaport, RI 79120-7615",Soapmaking,12-08-1964,England,Chilli con Carne
Olin,Watsica,"7932 Dietrich Ways, New Buster, OK 54035-3101",Painting,10-02-1983,Heard Island and McDonald Islands,Pork Sausage Roll
Tori,Rolfson,"1581 DuBuque Landing, Herzogport, FL 19426-7714",Listening to music,03-12-1998,Wales,TiramisÃ¹
Phillip Feest Mosciski,Metz,"Suite 102 5079 Rashad Summit, Caitlinberg, TX 07975-5114",Flying,23-04-1999,Wales,Chicken Wings
Sandy,Mueller,"Apt. 811 864 Johna Key, South Cyrusshire, TX 88201-6601",Sailing,13-10-2000,Northern Ireland,Fettuccine Alfredo
Alonzo Cole Collins,Kiehn,"Apt. 367 837 Cormier Stream, East Ahmed, MA 11936",Rugby,07-02-1978,Northern Ireland,Pork Sausage Roll
Grant Strosin Dooley,Hackett,"Apt. 963 8121 Erin Canyon, Littelside, NJ 35603-6923",Flower arranging,30-08-1963,Northern Ireland,Sushi
Cristobal McClure Waelchi,Predovic,"Apt. 172 405 Gale Square, West Erwinfurt, LA 79932",Cosplaying,16-11-1964,Uruguay,Pasta and Beans
Domingo Schulist Purdy,Kemmer,"984 Bode Parkways, Hansmouth, FL 04736",Gaming,13-04-1963,Scotland,Lasagne
Danna Streich Spinka PhD,Homenick,"Suite 323 8259 Kutch Loop, Garryburgh, AK 27455",Genealogy,14-10-2003,Northern Ireland,Som Tam
Lance,O'Conner,"9233 Ghislaine Corners, Lake Valentine, KS 35019-8963",Macrame,10-02-1977,England,Hummus